insert into pessoas values ('99999999999', 'Logan Wolverine', 'M');
insert into alunos values ('99999999999', 'ra999');

insert into pessoas values ('88888888888', 'Pato Donald', 'M');
insert into alunos values ('88888888888', 'ra888');

insert into pessoas values ('77777777777', 'Donatelo', 'M');
insert into alunos values ('77777777777', 'ra777');

insert into pessoas values ('66666666666', 'Ana Belle', 'F');
insert into alunos values ('66666666666', 'ra666');

insert into pessoas values ('55555555555', 'Bob Marley', 'M');
insert into alunos values ('55555555555', 'ra555');

insert into pessoas values ('44444444444', 'Joana Dark', 'F');
insert into alunos values ('44444444444', 'ra444');

insert into pessoas values ('33333333333', 'Mc Fly', 'M');
insert into alunos values ('33333333333', 'ra333');

insert into pessoas values ('22222222222', 'Dr. Brown', 'M');
insert into alunos values ('22222222222', 'ra222');

insert into pessoas values ('11111111111', 'Bruce Dickson', 'M');
insert into alunos values ('11111111111', 'ra111');

insert into pessoas values ('73259736166', 'Andrew Tanenbaum', 'M');
insert into professores values ('73259736166', '0001', 3000);

insert into pessoas values ('92983611302', 'Peter Chen', 'M');
insert into professores values ('92983611302', '0002', 10000);

insert into pessoas values ('45347782447', 'Simon S. Haykin', 'M');
insert into professores values ('45347782447', '0003', 5500.50);

insert into pessoas values ('88854957291', 'Bjarne Stroustrup', 'M');
insert into professores values ('88854957291', '0004', 7000);

insert into pessoas values ('57262772368', 'Earl Swokowski', 'M');
insert into professores values ('57262772368', '0005', 5000);

insert into pessoas values ('95618153971', 'Albert Einstein', 'M');
insert into professores values ('95618153971', '0006', 6000);